<?xml version="1.0" encoding="UTF-8"?>
<con:soapui-project id="f5774478-3765-4dfe-afae-7f36e5bd695e" created="3.5.1" activeEnvironment="Default environment" name="REST IPlocation" updated="3.5.1 2020-12-09T14:26:21Z" xmlns:con="http://eviware.com/soapui/config">
  <con:settings/>
  <con:interface xsi:type="con:RestService" id="90aed5d3-fb00-4755-8247-80d8a2ae2260" wadlVersion="http://wadl.dev.java.net/2009/02" name="http://ipwhois.app" type="rest" xmlns:xsi="http://www.w3.org/2001/XMLSchema-instance">
    <con:settings/>
    <con:definitionCache type="TEXT" rootPart=""/>
    <con:endpoints>
      <con:endpoint>http://ipwhois.app</con:endpoint>
    </con:endpoints>
    <con:resource name="IP" path="/json/{IP}" id="08526b46-82f6-4fcb-a07a-e36b7865b4ce">
      <con:settings/>
      <con:parameters/>
      <con:method name="IP" id="0cabf634-c70e-439b-a5e7-4ace262befe2" method="GET">
        <con:settings/>
        <con:parameters>
          <con:parameter required="true">
            <con:name>IP</con:name>
            <con:value>IP</con:value>
            <con:style>TEMPLATE</con:style>
            <con:default>IP</con:default>
            <con:path xsi:nil="true"/>
            <con:description xsi:nil="true"/>
          </con:parameter>
        </con:parameters>
        <con:representation type="RESPONSE">
          <con:mediaType>application/json; charset=utf-8</con:mediaType>
          <con:status>200</con:status>
          <con:params/>
          <con:element xmlns:ns="http://ipwhois.app/json/127.0.0.1">ns:Response</con:element>
        </con:representation>
        <con:request name="Request 1" id="2ef88a3d-a703-42d3-8672-78374d47140e" mediaType="application/json">
          <con:settings/>
          <con:endpoint>http://ipwhois.app</con:endpoint>
          <con:parameters>
            <con:entry key="IP" value="IP"/>
          </con:parameters>
          <con:parameterOrder>
            <con:entry>IP</con:entry>
          </con:parameterOrder>
        </con:request>
      </con:method>
    </con:resource>
  </con:interface>
  <con:testSuite id="81354512-874d-4a89-b1c5-774952a6b0f7" name="IPTestSuite">
    <con:settings/>
    <con:runType>SEQUENTIAL</con:runType>
    <con:testCase id="2c88c5ff-d2bd-4462-bdca-132a658e1e04" discardOkResults="false" failOnError="true" failTestCaseOnErrors="true" keepSession="false" name="IP TestCase 1" searchProperties="true" timeout="0">
      <con:settings/>
      <con:savedRecentRuns>1</con:savedRecentRuns>
      <con:testStep type="datasource" name="DataSource" id="fe1c18ee-6771-4561-9d90-08f40d2e8df1">
        <con:settings/>
        <con:config xsi:type="con:DataSourceStep" xmlns:xsi="http://www.w3.org/2001/XMLSchema-instance">
          <con:dataSource type="Data Generator">
            <con:configuration>
              <generatedDataCount>10</generatedDataCount>
              <generatorsTotalNumber>1</generatorsTotalNumber>
              <lastSelectedProperty>-1</lastSelectedProperty>
              <GeneratorType0>COMP</GeneratorType0>
              <PropertyName0>IP</PropertyName0>
              <repetitionCountIP>0</repetitionCountIP>
              <repeatValuesIP>false</repeatValuesIP>
              <ComputerAddressTypeIP>IPv4</ComputerAddressTypeIP>
              <escapeSpaceSequence/>
            </con:configuration>
          </con:dataSource>
          <con:shared>false</con:shared>
          <con:restartShared>false</con:restartShared>
          <con:property>IP</con:property>
          <con:restartOnRun>true</con:restartOnRun>
        </con:config>
      </con:testStep>
      <con:testStep type="restrequest" name="Request 1" id="6236e74c-c18d-4919-99ca-984f8fd79f12">
        <con:settings/>
        <con:config service="http://ipwhois.app" resourcePath="/json/{IP}" methodName="IP" xsi:type="con:RestRequestStep" xmlns:xsi="http://www.w3.org/2001/XMLSchema-instance">
          <con:restRequest name="Request 1" id="2ef88a3d-a703-42d3-8672-78374d47140e" mediaType="application/json">
            <con:settings>
              <con:setting id="com.eviware.soapui.impl.wsdl.WsdlRequest@request-headers">&lt;xml-fragment/></con:setting>
            </con:settings>
            <con:endpoint>http://ipwhois.app</con:endpoint>
            <con:request/>
            <con:originalUri>http://ipwhois.app/json/127.0.0.1</con:originalUri>
            <con:assertion type="Valid HTTP Status Codes" id="78545b29-8f06-49e4-aa47-904e43c0906e" name="Valid HTTP Status Codes">
              <con:settings/>
              <con:configuration>
                <codes>200</codes>
              </con:configuration>
            </con:assertion>
            <con:credentials>
              <con:selectedAuthProfile>No Authorization</con:selectedAuthProfile>
              <con:authType>No Authorization</con:authType>
            </con:credentials>
            <con:jmsConfig JMSDeliveryMode="PERSISTENT"/>
            <con:parameters>
              <con:entry key="IP" value="${DataSource#IP}"/>
            </con:parameters>
            <con:parameterOrder>
              <con:entry>IP</con:entry>
            </con:parameterOrder>
          </con:restRequest>
        </con:config>
      </con:testStep>
      <con:testStep type="datasink" name="DataSink" id="b4ef297b-25a4-45ea-b175-f28eab774751">
        <con:settings/>
        <con:config xsi:type="con:DataSinkStep" xmlns:xsi="http://www.w3.org/2001/XMLSchema-instance">
          <con:dataSink type="JDBC">
            <con:configuration>
              <driver>com.mysql.jdbc.Driver</driver>
              <connstr>jdbc:mysql://db4free.net:3306/soapuitesting?user=soapuiuser&amp;password=PASS_VALUE</connstr>
              <pass>soapuipassword</pass>
              <Connection>db4free</Connection>
              <query>insert into coordinates(city_name,latitude,longitude) values (?,?,?);</query>
              <stored-procedure>false</stored-procedure>
            </con:configuration>
          </con:dataSink>
          <con:properties>
            <con:property>
              <con:name>city_name</con:name>
              <con:value>${Request 1#Response#$['city']}</con:value>
            </con:property>
            <con:property>
              <con:name>longitude</con:name>
              <con:value>${Request 1#Response#$['longitude']}</con:value>
            </con:property>
            <con:property>
              <con:name>latitude</con:name>
              <con:value>${Request 1#Response#$['latitude']}</con:value>
            </con:property>
          </con:properties>
        </con:config>
      </con:testStep>
      <con:testStep type="datasourceloop" name="DataSource Loop" id="629b54e4-bf28-4c5c-aed7-7f74445f8166">
        <con:settings/>
        <con:config>
          <dataSourceStep>DataSource</dataSourceStep>
          <targetStep>Request 1</targetStep>
          <discardResults>false</discardResults>
        </con:config>
      </con:testStep>
      <con:properties/>
      <con:reportParameters/>
      <con:breakPoints>
        <con:testStepId>fe1c18ee-6771-4561-9d90-08f40d2e8df1</con:testStepId>
        <con:status>NONE</con:status>
        <con:properties/>
      </con:breakPoints>
      <con:breakPoints>
        <con:testStepId>b4ef297b-25a4-45ea-b175-f28eab774751</con:testStepId>
        <con:status>NONE</con:status>
        <con:properties/>
      </con:breakPoints>
    </con:testCase>
    <con:properties/>
    <con:reportParameters/>
  </con:testSuite>
  <con:requirements/>
  <con:properties/>
  <con:wssContainer/>
  <con:databaseConnectionContainer>
    <con:databaseConnection>
      <con:name>db4free</con:name>
      <con:driver>com.mysql.jdbc.Driver</con:driver>
      <con:connectionString>jdbc:mysql://db4free.net:3306/soapuitesting?user=soapuiuser&amp;password=PASS_VALUE</con:connectionString>
      <con:password>soapuipassword</con:password>
      <con:connectionProperties/>
    </con:databaseConnection>
  </con:databaseConnectionContainer>
  <con:jmsConnectionContainer/>
  <con:oAuth2ProfileContainer/>
  <con:oAuth1ProfileContainer/>
  <con:reporting>
    <con:reportTemplates/>
    <con:xmlTemplates/>
    <con:xmlTemplates/>
    <con:parameters/>
    <con:parameters/>
  </con:reporting>
  <con:reporting/>
  <con:eventHandlers type="RequestFilter.filterRequest" name="RequestFilter.filterRequest">
    <con:script>// Sample event script to add custom HTTP header to all outgoing REST, SOAP and HTTP(S) calls
// This code is often used for adding custom authentication to ReadyAPI functional tests

// If hardcoding the token, uncomment and change line 5
// token = '4567'

// If your token is parameterized in Project level custom property, uncomment line 8
// token = request.parent.testCase.testSuite.project.getProperty('auth_token').getValue()

// To modify all outgoing calls, remove comments from lines 11 to 16
// headers = request.requestHeaders
// if (headers.containsKey('auth_token2') == false) {
//   headers.put('auth_token2', token)
//   request.requestHeaders = headers
// }</con:script>
  </con:eventHandlers>
  <con:eventHandlers type="TestRunListener.afterStep" name="TestRunListener.afterStep">
    <con:script>// Save all test step results into files
// Change the directory path in line 5 to a location where you want to store details
// then uncomment lines 5 to 10

// filePath = 'C:\\tempOutputDirectory\\'
// fos = new java.io.FileOutputStream(filePath + testStepResult.testStep.label + '.txt', true)
// pw = new java.io.PrintWriter(fos)
// testStepResult.writeTo(pw)
// pw.close()
// fos.close()</con:script>
  </con:eventHandlers>
  <con:authRepository/>
  <con:tags/>
</con:soapui-project>
