<?xml version="1.0" encoding="UTF-8"?>
<con:soapui-project id="552c7e43-98a5-4a32-b32d-841b40c73968" created="3.5.1" activeEnvironment="Default environment" name="REST Activity 2" updated="3.5.1 2020-12-09T14:26:21Z" xmlns:con="http://eviware.com/soapui/config">
  <con:settings>
    <con:setting id="IncludeOverview">true</con:setting>
    <con:setting id="IncludeResults">true</con:setting>
    <con:setting id="FlowLayout">false</con:setting>
    <con:setting id="ErrorDetails">true</con:setting>
    <con:setting id="IncludeCoverage">true</con:setting>
    <con:setting id="GeneratableJUnitReport@Style">Multiple Pages</con:setting>
    <con:setting id="GeneratableJUnitReport@Folder">C:\Users\MadhuriGorthi\Documents\RestAPI Project\Activity2 Report</con:setting>
  </con:settings>
  <con:interface xsi:type="con:RestService" id="8f273fb3-078d-4745-b701-1e0f2d1f9d80" wadlVersion="http://wadl.dev.java.net/2009/02" name="https://petstore.swagger.io" type="rest" xmlns:xsi="http://www.w3.org/2001/XMLSchema-instance">
    <con:settings/>
    <con:definitionCache type="TEXT" rootPart=""/>
    <con:endpoints>
      <con:endpoint>https://petstore.swagger.io</con:endpoint>
    </con:endpoints>
    <con:resource name="" path="/v2/user" id="670ee4e8-61f7-4822-b9eb-4b2a37287de0">
      <con:settings/>
      <con:parameters/>
      <con:method name="" id="72611d42-332c-403e-964e-67f3c3d54c12" method="POST">
        <con:settings/>
        <con:parameters/>
        <con:representation type="FAULT">
          <con:mediaType>text/html</con:mediaType>
          <con:status>405</con:status>
          <con:params/>
          <con:element>html</con:element>
        </con:representation>
        <con:representation type="REQUEST">
          <con:mediaType>application/json</con:mediaType>
          <con:params/>
        </con:representation>
        <con:representation type="FAULT">
          <con:mediaType>application/json</con:mediaType>
          <con:status>405</con:status>
          <con:params/>
          <con:element xmlns:user="https://petstore.swagger.io/v2/user">user:Fault</con:element>
        </con:representation>
        <con:representation type="RESPONSE">
          <con:mediaType>application/json</con:mediaType>
          <con:status>200</con:status>
          <con:params/>
          <con:element xmlns:user="https://petstore.swagger.io/v2/user">user:Response</con:element>
        </con:representation>
        <con:request name="Request 1" id="3f11a495-1b08-40d7-8025-bc64697d61f9" mediaType="application/json" postQueryString="false">
          <con:settings>
            <con:setting id="com.eviware.soapui.impl.wsdl.WsdlRequest@request-headers">&lt;xml-fragment/></con:setting>
          </con:settings>
          <con:endpoint>https://petstore.swagger.io</con:endpoint>
          <con:request>{\r
   "id" : 0,\r
   "username" : "test1",\r
   "firstName" : "test1",\r
   "lastName" : "user",\r
   "email" : "test1@user1.com",\r
   "password" : "test1",\r
   "phone" : "2344567485",\r
   "userStatus" : 3\r
}</con:request>
          <con:originalUri>https://petstore.swagger.io/v2/user</con:originalUri>
          <con:credentials>
            <con:authType>No Authorization</con:authType>
          </con:credentials>
          <con:jmsConfig JMSDeliveryMode="PERSISTENT"/>
          <con:parameters/>
        </con:request>
      </con:method>
    </con:resource>
  </con:interface>
  <con:interface xsi:type="con:RestService" id="b1c03ea5-eec4-48b6-893b-59ffcb79b4db" wadlVersion="http://wadl.dev.java.net/2009/02" name="https://petstore.swagger.io 1" type="rest" xmlns:xsi="http://www.w3.org/2001/XMLSchema-instance">
    <con:settings/>
    <con:definitionCache/>
    <con:endpoints>
      <con:endpoint>https://petstore.swagger.io</con:endpoint>
    </con:endpoints>
    <con:resource name="Login" path="/v2/user/login" id="885539de-15a9-41ee-919d-e28d8482390c">
      <con:settings/>
      <con:parameters/>
      <con:method name="Login" id="dbefb1bd-11f9-4fec-a69f-2e7408f06b94" method="GET">
        <con:settings/>
        <con:parameters>
          <con:parameter required="true">
            <con:name>username</con:name>
            <con:value>test1</con:value>
            <con:style>QUERY</con:style>
            <con:default>test1</con:default>
            <con:path xsi:nil="true"/>
            <con:description xsi:nil="true"/>
          </con:parameter>
          <con:parameter required="true">
            <con:name>password</con:name>
            <con:value>test1</con:value>
            <con:style>QUERY</con:style>
            <con:default>test1</con:default>
            <con:path xsi:nil="true"/>
            <con:description xsi:nil="true"/>
          </con:parameter>
        </con:parameters>
        <con:representation type="RESPONSE">
          <con:mediaType>application/json</con:mediaType>
          <con:status>200</con:status>
          <con:params/>
          <con:element xmlns:log="https://petstore.swagger.io/v2/user/login">log:Response</con:element>
        </con:representation>
        <con:request name="Request 1" id="54c7c8ae-2b2f-4c57-8a62-55a3dc9250a8" mediaType="application/json">
          <con:settings>
            <con:setting id="com.eviware.soapui.impl.wsdl.WsdlRequest@request-headers">&lt;xml-fragment/></con:setting>
          </con:settings>
          <con:endpoint>https://petstore.swagger.io</con:endpoint>
          <con:request/>
          <con:originalUri>https://petstore.swagger.io/v2/user/login</con:originalUri>
          <con:credentials>
            <con:authType>No Authorization</con:authType>
          </con:credentials>
          <con:jmsConfig JMSDeliveryMode="PERSISTENT"/>
          <con:parameters>
            <con:entry key="password" value="test1"/>
            <con:entry key="username" value="test1"/>
          </con:parameters>
          <con:parameterOrder>
            <con:entry>username</con:entry>
            <con:entry>password</con:entry>
          </con:parameterOrder>
        </con:request>
      </con:method>
    </con:resource>
  </con:interface>
  <con:interface xsi:type="con:RestService" id="1b393049-997b-4242-ad77-331c986b66bc" wadlVersion="http://wadl.dev.java.net/2009/02" name="https://petstore.swagger.io 2" type="rest" xmlns:xsi="http://www.w3.org/2001/XMLSchema-instance">
    <con:settings/>
    <con:definitionCache/>
    <con:endpoints>
      <con:endpoint>https://petstore.swagger.io</con:endpoint>
    </con:endpoints>
    <con:resource name="Testuser" path="/v2/user/test1" id="8b3393ef-e7fc-4ced-8837-5034f959a83c">
      <con:settings/>
      <con:parameters/>
      <con:method name="Testuser" id="b3e148a1-3050-4f50-8948-2b7e88d84eca" method="GET">
        <con:settings/>
        <con:parameters/>
        <con:representation type="FAULT">
          <con:mediaType>application/json</con:mediaType>
          <con:status>404</con:status>
          <con:params/>
          <con:element xmlns:tes="https://petstore.swagger.io/v2/user/testuser">tes:Fault</con:element>
        </con:representation>
        <con:representation type="RESPONSE">
          <con:mediaType>application/json</con:mediaType>
          <con:status>200</con:status>
          <con:params/>
          <con:element xmlns:tes="https://petstore.swagger.io/v2/user/testuser">tes:Response</con:element>
        </con:representation>
        <con:request name="Request 1" id="b9a350bd-5d06-401f-9159-00bc5255ff4b" mediaType="application/json">
          <con:settings>
            <con:setting id="com.eviware.soapui.impl.wsdl.WsdlRequest@request-headers">&lt;xml-fragment/></con:setting>
          </con:settings>
          <con:endpoint>https://petstore.swagger.io</con:endpoint>
          <con:request/>
          <con:originalUri>https://petstore.swagger.io/v2/user/testuser</con:originalUri>
          <con:credentials>
            <con:authType>No Authorization</con:authType>
          </con:credentials>
          <con:jmsConfig JMSDeliveryMode="PERSISTENT"/>
          <con:parameters/>
        </con:request>
      </con:method>
    </con:resource>
  </con:interface>
  <con:interface xsi:type="con:RestService" id="4bebbb0d-5e60-46cf-a9b4-0b62522a986d" wadlVersion="http://wadl.dev.java.net/2009/02" name="https://petstore.swagger.io 3" type="rest" xmlns:xsi="http://www.w3.org/2001/XMLSchema-instance">
    <con:settings/>
    <con:definitionCache/>
    <con:endpoints>
      <con:endpoint>https://petstore.swagger.io</con:endpoint>
    </con:endpoints>
    <con:resource name="Test1" path="/v2/user/test1" id="c0609c19-e681-4c0d-94dd-07a3a832bcba">
      <con:settings/>
      <con:parameters/>
      <con:method name="Test1" id="6b76a89d-8e6b-4e40-a577-252f3790e97b" method="DELETE">
        <con:settings/>
        <con:parameters/>
        <con:representation type="REQUEST">
          <con:mediaType>application/json</con:mediaType>
          <con:params/>
        </con:representation>
        <con:representation type="RESPONSE">
          <con:mediaType>application/json</con:mediaType>
          <con:status>200</con:status>
          <con:params/>
          <con:element xmlns:tes="https://petstore.swagger.io/v2/user/test1">tes:Response</con:element>
        </con:representation>
        <con:request name="Request 1" id="a5b93eb5-d7a9-4fae-be7b-c23a6e7c4890" mediaType="application/json" postQueryString="false">
          <con:settings/>
          <con:endpoint>https://petstore.swagger.io</con:endpoint>
          <con:request/>
          <con:credentials>
            <con:authType>No Authorization</con:authType>
          </con:credentials>
          <con:jmsConfig JMSDeliveryMode="PERSISTENT"/>
          <con:parameters/>
        </con:request>
      </con:method>
    </con:resource>
  </con:interface>
  <con:testSuite id="6d59f680-235e-4b01-9715-91dd4312aa0a" name="CreateUser">
    <con:description>The test suite generated for the REST service [https://petstore.swagger.io]</con:description>
    <con:settings/>
    <con:runType>SEQUENTIAL</con:runType>
    <con:testCase id="1bfc8f94-d3be-488e-9c2a-b365c8e95284" discardOkResults="false" failOnError="true" failTestCaseOnErrors="true" keepSession="false" name="TestCase" searchProperties="true" timeout="0">
      <con:description>The test case generated for the REST resource [] located at [/v2/user]</con:description>
      <con:settings/>
      <con:testStep type="restrequest" name="Request 1" id="72952bcc-70ef-438d-bba5-9f603f1b10d9">
        <con:settings/>
        <con:config service="https://petstore.swagger.io" resourcePath="/v2/user" methodName="" xsi:type="con:RestRequestStep" xmlns:xsi="http://www.w3.org/2001/XMLSchema-instance">
          <con:restRequest name="Request 1" id="3f11a495-1b08-40d7-8025-bc64697d61f9" mediaType="application/json" postQueryString="false">
            <con:settings>
              <con:setting id="com.eviware.soapui.impl.wsdl.WsdlRequest@request-headers">&lt;xml-fragment/></con:setting>
            </con:settings>
            <con:endpoint>https://petstore.swagger.io</con:endpoint>
            <con:request>{\r
   "id" : 0,\r
   "username" : "test1",\r
   "firstName" : "test1",\r
   "lastName" : "user",\r
   "email" : "test1@user1.com",\r
   "password" : "test1",\r
   "phone" : "2344567485",\r
   "userStatus" : 3\r
}</con:request>
            <con:originalUri>https://petstore.swagger.io/v2/user</con:originalUri>
            <con:credentials>
              <con:selectedAuthProfile>Inherit From Parent</con:selectedAuthProfile>
              <con:authType>No Authorization</con:authType>
            </con:credentials>
            <con:jmsConfig JMSDeliveryMode="PERSISTENT"/>
            <con:parameters/>
          </con:restRequest>
        </con:config>
      </con:testStep>
      <con:properties/>
      <con:reportParameters/>
    </con:testCase>
    <con:properties/>
    <con:reportParameters/>
  </con:testSuite>
  <con:testSuite id="809ce739-249b-47aa-a739-10a2c3abcf8e" name="LoginUser">
    <con:description>The test suite generated for the REST service [https://petstore.swagger.io 1]</con:description>
    <con:settings/>
    <con:runType>SEQUENTIAL</con:runType>
    <con:testCase id="c8157d92-68d7-443a-ad18-c05a3a9905da" discardOkResults="false" failOnError="true" failTestCaseOnErrors="true" keepSession="false" name="Login TestCase" searchProperties="true" timeout="0">
      <con:description>The test case generated for the REST resource [Login] located at [/v2/user/login]</con:description>
      <con:settings/>
      <con:testStep type="restrequest" name="Request 1" id="62cc388f-67cc-48f5-8cd1-e9d1fb5e1519">
        <con:settings/>
        <con:config service="https://petstore.swagger.io 1" resourcePath="/v2/user/login" methodName="Login" xsi:type="con:RestRequestStep" xmlns:xsi="http://www.w3.org/2001/XMLSchema-instance">
          <con:restRequest name="Request 1" id="54c7c8ae-2b2f-4c57-8a62-55a3dc9250a8" mediaType="application/json">
            <con:settings>
              <con:setting id="com.eviware.soapui.impl.wsdl.WsdlRequest@request-headers">&lt;xml-fragment/></con:setting>
            </con:settings>
            <con:endpoint>https://petstore.swagger.io</con:endpoint>
            <con:request/>
            <con:originalUri>https://petstore.swagger.io/v2/user/login</con:originalUri>
            <con:credentials>
              <con:selectedAuthProfile>Inherit From Parent</con:selectedAuthProfile>
              <con:authType>No Authorization</con:authType>
            </con:credentials>
            <con:jmsConfig JMSDeliveryMode="PERSISTENT"/>
            <con:parameters>
              <con:entry key="password" value="test1"/>
              <con:entry key="username" value="test1"/>
            </con:parameters>
            <con:parameterOrder>
              <con:entry>username</con:entry>
              <con:entry>password</con:entry>
            </con:parameterOrder>
          </con:restRequest>
        </con:config>
      </con:testStep>
      <con:properties/>
      <con:reportParameters/>
    </con:testCase>
    <con:properties/>
    <con:reportParameters/>
  </con:testSuite>
  <con:testSuite id="1ecf3749-6fe7-4e7b-b10e-bcbedf0b5e33" name="ValidateUser">
    <con:description>The test suite generated for the REST service [https://petstore.swagger.io 2]</con:description>
    <con:settings/>
    <con:runType>SEQUENTIAL</con:runType>
    <con:testCase id="2397f4b1-5f8e-4866-b593-84be99d0dcc7" discardOkResults="false" failOnError="true" failTestCaseOnErrors="true" keepSession="false" name="Testuser TestCase" searchProperties="true" timeout="0">
      <con:description>The test case generated for the REST resource [Testuser] located at [/v2/user/test1]</con:description>
      <con:settings/>
      <con:testStep type="restrequest" name="Request 1" id="ef8bd025-ffee-4547-9a6d-2119115dd2c3">
        <con:settings/>
        <con:config service="https://petstore.swagger.io 2" resourcePath="/v2/user/test1" methodName="Testuser" xsi:type="con:RestRequestStep" xmlns:xsi="http://www.w3.org/2001/XMLSchema-instance">
          <con:restRequest name="Request 1" id="b9a350bd-5d06-401f-9159-00bc5255ff4b" mediaType="application/json">
            <con:settings>
              <con:setting id="com.eviware.soapui.impl.wsdl.WsdlRequest@request-headers">&lt;xml-fragment/></con:setting>
            </con:settings>
            <con:endpoint>https://petstore.swagger.io</con:endpoint>
            <con:request/>
            <con:originalUri>https://petstore.swagger.io/v2/user/testuser</con:originalUri>
            <con:credentials>
              <con:selectedAuthProfile>Inherit From Parent</con:selectedAuthProfile>
              <con:authType>No Authorization</con:authType>
            </con:credentials>
            <con:jmsConfig JMSDeliveryMode="PERSISTENT"/>
            <con:parameters/>
          </con:restRequest>
        </con:config>
      </con:testStep>
      <con:properties/>
      <con:reportParameters/>
    </con:testCase>
    <con:properties/>
    <con:reportParameters/>
  </con:testSuite>
  <con:testSuite id="7092f851-1840-4705-85df-ee3dfcbdc26d" name="DeleteUser">
    <con:description>The test suite generated for the REST service [https://petstore.swagger.io 3]</con:description>
    <con:settings/>
    <con:runType>SEQUENTIAL</con:runType>
    <con:testCase id="37d33189-b310-4f27-b212-4f8f46e9dfa9" discardOkResults="false" failOnError="true" failTestCaseOnErrors="true" keepSession="false" name="Test1 TestCase" searchProperties="true" timeout="0">
      <con:description>The test case generated for the REST resource [Test1] located at [/v2/user/test1]</con:description>
      <con:settings/>
      <con:testStep type="restrequest" name="Request 1" id="2131353a-238f-4676-8c90-5474f86e0b20">
        <con:settings/>
        <con:config service="https://petstore.swagger.io 3" resourcePath="/v2/user/test1" methodName="Test1" xsi:type="con:RestRequestStep" xmlns:xsi="http://www.w3.org/2001/XMLSchema-instance">
          <con:restRequest name="Request 1" id="a5b93eb5-d7a9-4fae-be7b-c23a6e7c4890" mediaType="application/json" postQueryString="false">
            <con:settings/>
            <con:endpoint>https://petstore.swagger.io</con:endpoint>
            <con:request/>
            <con:originalUri>https://petstore.swagger.io/v2/user/test1</con:originalUri>
            <con:credentials>
              <con:selectedAuthProfile>Inherit From Parent</con:selectedAuthProfile>
              <con:authType>No Authorization</con:authType>
            </con:credentials>
            <con:jmsConfig JMSDeliveryMode="PERSISTENT"/>
            <con:parameters/>
          </con:restRequest>
        </con:config>
      </con:testStep>
      <con:properties/>
      <con:reportParameters/>
    </con:testCase>
    <con:properties/>
    <con:reportParameters/>
  </con:testSuite>
  <con:savedRecentRuns>1</con:savedRecentRuns>
  <con:requirements/>
  <con:properties/>
  <con:wssContainer/>
  <con:databaseConnectionContainer/>
  <con:jmsConnectionContainer/>
  <con:oAuth2ProfileContainer/>
  <con:oAuth1ProfileContainer/>
  <con:reporting>
    <con:reportTemplates/>
    <con:xmlTemplates/>
    <con:xmlTemplates/>
    <con:parameters/>
    <con:parameters/>
  </con:reporting>
  <con:reporting/>
  <con:eventHandlers type="RequestFilter.filterRequest" name="RequestFilter.filterRequest">
    <con:script>// Sample event script to add custom HTTP header to all outgoing REST, SOAP and HTTP(S) calls
// This code is often used for adding custom authentication to ReadyAPI functional tests

// If hardcoding the token, uncomment and change line 5
// token = '4567'

// If your token is parameterized in Project level custom property, uncomment line 8
// token = request.parent.testCase.testSuite.project.getProperty('auth_token').getValue()

// To modify all outgoing calls, remove comments from lines 11 to 16
// headers = request.requestHeaders
// if (headers.containsKey('auth_token2') == false) {
//   headers.put('auth_token2', token)
//   request.requestHeaders = headers
// }</con:script>
  </con:eventHandlers>
  <con:eventHandlers type="TestRunListener.afterStep" name="TestRunListener.afterStep">
    <con:script>// Save all test step results into files
// Change the directory path in line 5 to a location where you want to store details
// then uncomment lines 5 to 10

// filePath = 'C:\\tempOutputDirectory\\'
// fos = new java.io.FileOutputStream(filePath + testStepResult.testStep.label + '.txt', true)
// pw = new java.io.PrintWriter(fos)
// testStepResult.writeTo(pw)
// pw.close()
// fos.close()</con:script>
  </con:eventHandlers>
  <con:authRepository/>
  <con:tags/>
</con:soapui-project>
